log_id,campaign_id,billboard_id,device_id,exposure_time
CL0847,CMP005,BB007,D028,2026-01-01 00:55:17
CL0561,CMP003,BB008,D062,2026-01-01 04:13:05
CL0985,CMP003,BB026,D046,2026-01-01 04:38:28
CL0074,CMP005,BB046,D044,2026-01-01 04:45:17
CL0386,CMP002,BB002,D008,2026-01-01 07:15:07
CL0070,CMP002,BB064,D035,2026-01-01 09:19:50
CL0165,CMP003,BB033,D048,2026-01-01 10:41:26
CL0207,CMP004,BB035,D073,2026-01-01 13:48:41
CL0304,CMP003,BB034,D022,2026-01-01 15:53:25
CL0578,CMP001,BB033,D086,2026-01-01 17:34:26
CL0543,CMP002,BB071,D081,2026-01-01 17:51:53
CL0100,CMP004,BB059,D089,2026-01-01 18:52:22
CL0107,CMP002,BB049,D080,2026-01-01 19:00:30
CL0323,CMP004,BB010,D024,2026-01-02 00:02:27
CL0438,CMP004,BB086,D019,2026-01-02 00:27:29
CL0283,CMP004,BB007,D079,2026-01-02 02:04:49
CL0300,CMP001,BB014,D043,2026-01-02 03:18:54
CL0364,CMP005,BB033,D081,2026-01-02 04:56:52
CL0518,CMP003,BB020,D010,2026-01-02 05:17:35
CL0751,CMP003,BB013,D026,2026-01-02 07:16:42
CL0455,CMP002,BB026,D007,2026-01-02 07:47:01
CL0762,CMP003,BB025,D025,2026-01-02 08:05:43
CL0436,CMP001,BB020,D007,2026-01-02 10:01:47
CL0006,CMP002,BB071,D033,2026-01-02 10:20:42
CL0286,CMP004,BB018,D065,2026-01-02 11:26:33
CL0519,CMP002,BB053,D019,2026-01-02 12:36:43
CL0600,CMP002,BB067,D019,2026-01-02 15:06:21
CL0770,CMP005,BB089,D070,2026-01-02 19:34:16
CL0200,CMP005,BB066,D059,2026-01-02 22:39:13
CL0236,CMP002,BB090,D017,2026-01-03 00:39:58
CL0635,CMP001,BB045,D066,2026-01-03 02:53:08
CL0929,CMP003,BB090,D032,2026-01-03 11:13:35
CL0049,CMP002,BB007,D040,2026-01-03 11:27:18
CL0250,CMP004,BB010,D085,2026-01-03 17:52:45
CL0530,CMP002,BB090,D079,2026-01-03 20:23:12
CL0354,CMP005,BB023,D009,2026-01-04 06:27:04
CL0447,CMP001,BB002,D073,2026-01-04 08:53:29
CL0460,CMP001,BB021,D025,2026-01-04 12:19:16
CL0036,CMP003,BB043,D025,2026-01-04 15:52:13
CL0631,CMP001,BB038,D030,2026-01-04 16:30:22
CL0248,CMP002,BB081,D078,2026-01-04 18:48:51
CL0297,CMP003,BB089,D065,2026-01-04 20:34:05
CL0104,CMP004,BB058,D031,2026-01-04 23:36:47
CL0378,CMP005,BB090,D054,2026-01-05 00:38:54
CL0721,CMP001,BB071,D040,2026-01-05 02:38:50
CL0407,CMP003,BB090,D032,2026-01-05 04:03:54
CL0867,CMP001,BB034,D022,2026-01-05 05:02:23
CL0994,CMP001,BB071,D094,2026-01-05 05:13:44
CL0709,CMP001,BB056,D072,2026-01-05 06:09:45
CL0048,CMP003,BB056,D088,2026-01-05 06:25:11
CL0441,CMP004,BB064,D035,2026-01-05 07:56:27
CL0108,CMP003,BB012,D026,2026-01-05 08:12:36
CL0385,CMP005,BB090,D094,2026-01-05 08:46:11
CL0558,CMP005,BB056,D032,2026-01-05 12:26:31
CL0574,CMP005,BB049,D089,2026-01-05 14:04:29
CL0009,CMP005,BB086,D001,2026-01-05 16:19:23
CL0545,CMP005,BB049,D001,2026-01-05 19:29:41
CL0026,CMP001,BB042,D013,2026-01-05 20:49:44
CL0969,CMP004,BB021,D021,2026-01-05 23:27:58
CL0008,CMP003,BB071,D086,2026-01-06 00:40:05
CL0307,CMP001,BB059,D006,2026-01-06 01:24:35
CL0879,CMP005,BB040,D047,2026-01-06 02:15:44
CL0819,CMP005,BB039,D026,2026-01-06 02:39:51
CL0951,CMP004,BB026,D028,2026-01-06 02:52:28
CL0302,CMP003,BB007,D081,2026-01-06 03:14:43
CL0765,CMP004,BB063,D068,2026-01-06 03:15:46
CL0590,CMP003,BB022,D077,2026-01-06 03:33:17
CL0423,CMP002,BB002,D012,2026-01-06 06:12:17
CL0169,CMP001,BB046,D082,2026-01-06 06:35:04
CL0406,CMP001,BB025,D035,2026-01-06 10:00:39
CL0638,CMP004,BB086,D065,2026-01-06 10:01:47
CL0262,CMP001,BB026,D054,2026-01-06 10:19:10
CL0918,CMP001,BB033,D088,2026-01-06 11:57:53
CL0854,CMP003,BB042,D051,2026-01-06 12:06:13
CL0473,CMP001,BB053,D080,2026-01-06 15:13:05
CL0755,CMP004,BB054,D014,2026-01-06 16:17:44
CL0339,CMP003,BB053,D089,2026-01-06 16:56:28
CL0601,CMP004,BB010,D024,2026-01-06 17:58:40
CL0958,CMP005,BB010,D083,2026-01-06 18:17:56
CL0942,CMP003,BB055,D012,2026-01-06 18:29:27
CL0359,CMP005,BB064,D009,2026-01-06 19:55:38
CL0451,CMP003,BB022,D073,2026-01-06 21:19:33
CL0153,CMP005,BB071,D054,2026-01-06 22:13:09
CL0793,CMP002,BB017,D029,2026-01-07 00:12:10
CL0868,CMP003,BB087,D038,2026-01-07 02:37:21
CL0482,CMP005,BB033,D046,2026-01-07 02:38:50
CL0791,CMP004,BB007,D064,2026-01-07 05:50:15
CL0563,CMP003,BB026,D039,2026-01-07 07:52:54
CL0351,CMP005,BB059,D069,2026-01-07 08:25:24
CL0602,CMP003,BB045,D090,2026-01-07 09:45:15
CL0981,CMP004,BB042,D013,2026-01-07 09:57:37
CL0199,CMP002,BB089,D041,2026-01-07 11:53:13
CL0489,CMP003,BB066,D065,2026-01-07 12:04:49
CL0216,CMP004,BB010,D053,2026-01-07 14:34:52
CL0504,CMP005,BB080,D008,2026-01-07 16:32:01
CL0450,CMP001,BB086,D093,2026-01-07 17:04:05
CL0053,CMP001,BB090,D058,2026-01-07 19:54:16
CL0239,CMP001,BB061,D043,2026-01-07 20:40:12
CL0178,CMP002,BB067,D080,2026-01-07 21:03:57
CL0020,CMP005,BB042,D044,2026-01-07 22:48:31
CL0388,CMP001,BB086,D045,2026-01-07 23:00:39
CL0741,CMP003,BB058,D021,2026-01-07 23:11:05
CL0313,CMP005,BB054,D006,2026-01-07 23:27:34
CL0724,CMP001,BB031,D021,2026-01-08 03:45:07
CL0652,CMP005,BB018,D070,2026-01-08 03:56:17
CL0698,CMP004,BB026,D058,2026-01-08 10:28:51
CL0427,CMP005,BB059,D070,2026-01-08 15:03:44
CL0276,CMP001,BB010,D085,2026-01-08 16:59:05
CL0487,CMP005,BB033,D055,2026-01-08 19:17:41
CL0337,CMP001,BB049,D019,2026-01-08 23:48:15
CL0520,CMP002,BB090,D072,2026-01-09 00:57:35
CL0901,CMP001,BB061,D077,2026-01-09 02:05:27
CL0895,CMP001,BB053,D059,2026-01-09 04:48:39
CL0960,CMP005,BB068,D025,2026-01-09 08:28:51
CL0542,CMP001,BB058,D024,2026-01-09 08:35:22
CL0079,CMP003,BB081,D012,2026-01-09 10:34:42
CL0145,CMP001,BB023,D009,2026-01-09 15:15:34
CL0235,CMP005,BB033,D057,2026-01-09 19:59:13
CL0416,CMP003,BB090,D020,2026-01-09 21:52:35
CL0623,CMP003,BB049,D006,2026-01-09 22:07:20
CL0106,CMP005,BB033,D067,2026-01-09 22:48:52
CL0497,CMP001,BB090,D055,2026-01-09 23:03:10
CL0877,CMP001,BB059,D084,2026-01-09 23:23:58
CL0802,CMP001,BB072,D091,2026-01-10 01:29:09
CL0535,CMP002,BB066,D023,2026-01-10 02:46:59
CL0726,CMP002,BB026,D050,2026-01-10 03:13:36
CL0391,CMP005,BB014,D008,2026-01-10 05:02:35
CL0899,CMP005,BB041,D071,2026-01-10 05:47:20
CL0778,CMP002,BB010,D030,2026-01-10 07:01:06
CL0289,CMP002,BB026,D055,2026-01-10 08:24:53
CL0562,CMP001,BB023,D031,2026-01-10 08:26:54
CL0817,CMP001,BB020,D067,2026-01-10 10:06:09
CL0555,CMP004,BB056,D067,2026-01-10 10:20:57
CL0893,CMP005,BB086,D065,2026-01-10 15:57:51
CL0575,CMP002,BB012,D027,2026-01-10 16:12:55
CL0338,CMP001,BB090,D010,2026-01-10 21:46:14
CL0174,CMP003,BB086,D045,2026-01-10 22:10:37
CL0101,CMP001,BB059,D006,2026-01-10 23:06:43
CL0293,CMP001,BB022,D008,2026-01-10 23:29:00
CL0743,CMP001,BB013,D047,2026-01-11 03:33:50
CL0018,CMP002,BB049,D001,2026-01-11 06:42:42
CL0552,CMP002,BB072,D026,2026-01-11 10:57:38
CL0731,CMP003,BB015,D027,2026-01-11 11:18:37
CL0953,CMP004,BB083,D073,2026-01-11 14:08:09
CL0271,CMP003,BB012,D092,2026-01-11 14:44:56
CL0146,CMP004,BB054,D093,2026-01-11 16:52:55
CL0172,CMP001,BB029,D092,2026-01-11 19:32:44
CL0810,CMP004,BB080,D082,2026-01-11 23:00:43
CL0326,CMP005,BB068,D009,2026-01-11 23:07:01
CL0921,CMP005,BB086,D089,2026-01-12 00:16:23
CL0805,CMP001,BB020,D017,2026-01-12 00:33:22
CL0983,CMP001,BB043,D076,2026-01-12 00:37:11
CL0252,CMP005,BB080,D051,2026-01-12 01:56:23
CL0003,CMP002,BB011,D060,2026-01-12 14:38:54
CL0927,CMP003,BB089,D059,2026-01-12 17:17:04
CL0492,CMP001,BB020,D072,2026-01-12 18:20:32
CL0082,CMP001,BB056,D040,2026-01-12 20:06:44
CL0938,CMP001,BB008,D053,2026-01-12 23:56:49
CL0371,CMP005,BB021,D025,2026-01-13 00:00:32
CL0813,CMP005,BB020,D094,2026-01-13 02:00:41
CL0310,CMP001,BB035,D044,2026-01-13 02:19:11
CL0671,CMP003,BB056,D064,2026-01-13 03:31:08
CL0001,CMP004,BB087,D002,2026-01-13 03:40:17
CL0814,CMP004,BB025,D085,2026-01-13 04:35:22
CL0744,CMP002,BB007,D033,2026-01-13 08:05:33
CL0303,CMP002,BB022,D051,2026-01-13 09:20:55
CL0055,CMP004,BB012,D068,2026-01-13 11:12:07
CL0333,CMP004,BB031,D053,2026-01-13 11:21:20
CL0593,CMP003,BB064,D049,2026-01-13 12:50:18
CL0343,CMP005,BB067,D095,2026-01-13 13:05:14
CL0843,CMP003,BB049,D041,2026-01-13 13:32:17
CL0019,CMP002,BB042,D012,2026-01-13 23:27:17
CL0978,CMP004,BB043,D062,2026-01-13 23:33:34
CL0219,CMP004,BB020,D072,2026-01-14 01:21:22
CL0139,CMP005,BB013,D027,2026-01-14 01:31:15
CL0816,CMP001,BB090,D028,2026-01-14 01:44:17
CL0068,CMP001,BB020,D057,2026-01-14 05:39:47
CL0948,CMP002,BB043,D025,2026-01-14 08:26:14
CL0795,CMP001,BB010,D030,2026-01-14 13:23:07
CL0144,CMP004,BB067,D093,2026-01-15 00:41:36
CL0907,CMP005,BB066,D052,2026-01-15 03:12:17
CL0862,CMP004,BB041,D068,2026-01-15 05:58:57
CL0609,CMP001,BB082,D047,2026-01-15 07:59:50
CL0618,CMP004,BB056,D040,2026-01-15 09:13:46
CL0189,CMP002,BB072,D068,2026-01-15 10:28:43
CL0909,CMP002,BB054,D045,2026-01-15 17:16:28
CL0119,CMP005,BB054,D070,2026-01-15 19:20:53
CL0261,CMP001,BB008,D085,2026-01-15 22:53:00
CL0999,CMP003,BB010,D083,2026-01-15 23:59:20
CL0357,CMP004,BB055,D073,2026-01-16 01:07:39
CL0366,CMP003,BB038,D076,2026-01-16 02:16:39
CL0875,CMP002,BB033,D033,2026-01-16 05:41:05
CL0690,CMP001,BB053,D065,2026-01-16 06:51:44
CL0905,CMP003,BB041,D027,2026-01-16 10:01:27
CL0044,CMP004,BB039,D091,2026-01-16 10:50:23
CL0792,CMP001,BB007,D058,2026-01-16 15:17:47
CL0129,CMP001,BB080,D043,2026-01-16 19:50:09
CL0630,CMP005,BB059,D059,2026-01-16 20:31:39
CL0117,CMP005,BB012,D066,2026-01-16 21:15:37
CL0888,CMP004,BB045,D061,2026-01-16 22:53:48
CL0352,CMP002,BB066,D075,2026-01-16 23:06:07
CL0637,CMP004,BB059,D080,2026-01-16 23:23:41
CL0523,CMP002,BB022,D013,2026-01-17 00:25:07
CL0920,CMP004,BB038,D062,2026-01-17 00:27:03
CL0822,CMP003,BB071,D064,2026-01-17 02:33:05
CL0653,CMP005,BB083,D043,2026-01-17 06:55:11
CL0734,CMP005,BB088,D011,2026-01-17 08:53:52
CL0246,CMP004,BB040,D092,2026-01-17 12:19:16
CL0319,CMP005,BB065,D035,2026-01-17 13:03:58
CL0651,CMP002,BB011,D027,2026-01-17 14:50:35
CL0513,CMP001,BB015,D038,2026-01-17 18:38:34
CL0363,CMP005,BB088,D066,2026-01-17 20:19:18
CL0467,CMP001,BB065,D085,2026-01-18 02:32:44
CL0579,CMP004,BB071,D054,2026-01-18 07:42:10
CL0094,CMP003,BB066,D075,2026-01-18 08:08:54
CL0997,CMP005,BB037,D082,2026-01-18 09:09:02
CL0916,CMP004,BB054,D069,2026-01-18 13:12:43
CL0086,CMP002,BB020,D079,2026-01-18 16:05:16
CL0292,CMP002,BB081,D073,2026-01-18 19:10:37
CL0010,CMP005,BB020,D086,2026-01-18 19:48:07
CL0839,CMP005,BB020,D007,2026-01-18 21:11:32
CL0084,CMP001,BB087,D029,2026-01-18 22:53:44
CL0476,CMP003,BB067,D075,2026-01-19 00:16:51
CL0331,CMP002,BB090,D033,2026-01-19 01:10:01
CL0679,CMP005,BB071,D040,2026-01-19 01:47:02
CL0712,CMP004,BB010,D034,2026-01-19 01:51:31
CL0538,CMP003,BB077,D031,2026-01-19 04:34:19
CL0418,CMP005,BB086,D006,2026-01-19 04:50:09
CL0410,CMP004,BB077,D024,2026-01-19 04:58:34
CL0317,CMP004,BB020,D048,2026-01-19 10:30:57
CL0674,CMP003,BB039,D071,2026-01-19 10:50:46
CL0377,CMP001,BB017,D061,2026-01-19 15:26:20
CL0498,CMP004,BB049,D093,2026-01-19 15:29:47
CL0702,CMP002,BB071,D033,2026-01-19 17:15:35
CL0961,CMP001,BB011,D038,2026-01-19 19:36:44
CL0644,CMP001,BB061,D051,2026-01-19 23:57:44
CL0646,CMP005,BB020,D088,2026-01-20 03:55:25
CL0475,CMP005,BB071,D055,2026-01-20 04:52:03
CL0797,CMP003,BB046,D008,2026-01-20 05:16:04
CL0037,CMP003,BB007,D058,2026-01-20 08:58:49
CL0221,CMP002,BB086,D023,2026-01-20 09:09:22
CL0056,CMP003,BB008,D053,2026-01-20 12:43:09
CL0585,CMP003,BB039,D005,2026-01-20 14:00:10
CL0680,CMP005,BB041,D027,2026-01-20 20:25:46
CL0075,CMP002,BB071,D072,2026-01-20 20:29:33
CL0549,CMP004,BB071,D081,2026-01-20 21:21:15
CL0821,CMP004,BB046,D036,2026-01-20 23:32:23
CL0884,CMP002,BB059,D084,2026-01-21 02:08:23
CL0664,CMP002,BB064,D009,2026-01-21 03:54:16
CL0973,CMP005,BB056,D055,2026-01-21 04:41:22
CL0886,CMP003,BB002,D043,2026-01-21 05:11:14
CL0759,CMP002,BB040,D042,2026-01-21 06:46:47
CL0699,CMP002,BB054,D016,2026-01-21 10:59:26
CL0947,CMP003,BB056,D040,2026-01-21 12:49:55
CL0062,CMP003,BB007,D054,2026-01-21 13:09:55
CL0928,CMP001,BB049,D065,2026-01-21 15:44:23
CL0309,CMP003,BB054,D041,2026-01-21 19:34:04
CL0632,CMP001,BB056,D046,2026-01-21 22:42:49
CL0931,CMP001,BB066,D080,2026-01-21 23:01:28
CL0900,CMP005,BB020,D028,2026-01-22 00:07:20
CL0851,CMP002,BB068,D015,2026-01-22 06:14:26
CL0471,CMP004,BB049,D006,2026-01-22 10:02:21
CL0328,CMP005,BB067,D070,2026-01-22 14:16:13
CL0624,CMP004,BB031,D083,2026-01-22 15:58:06
CL0389,CMP001,BB061,D077,2026-01-22 19:19:56
CL0411,CMP003,BB059,D014,2026-01-22 21:52:12
CL0332,CMP005,BB056,D050,2026-01-23 00:41:08
CL0968,CMP004,BB025,D009,2026-01-23 01:05:07
CL0148,CMP001,BB042,D012,2026-01-23 01:39:20
CL0042,CMP004,BB090,D028,2026-01-23 02:42:26
CL0853,CMP001,BB089,D014,2026-01-23 06:14:39
CL0277,CMP004,BB066,D052,2026-01-23 11:19:27
CL0405,CMP002,BB039,D091,2026-01-23 11:26:06
CL0628,CMP003,BB045,D092,2026-01-23 14:27:43
CL0263,CMP005,BB033,D086,2026-01-23 14:34:54
CL0546,CMP004,BB065,D076,2026-01-23 15:55:08
CL0693,CMP002,BB014,D012,2026-01-23 16:11:43
CL0491,CMP005,BB053,D056,2026-01-23 16:59:39
CL0404,CMP001,BB071,D010,2026-01-23 19:08:43
CL0604,CMP005,BB054,D006,2026-01-23 21:51:22
CL0760,CMP001,BB017,D063,2026-01-24 03:10:17
CL0501,CMP004,BB055,D051,2026-01-24 03:15:32
CL0157,CMP005,BB083,D003,2026-01-24 04:00:04
CL0230,CMP004,BB031,D024,2026-01-24 08:19:11
CL0051,CMP003,BB031,D025,2026-01-24 09:29:38
CL0190,CMP004,BB007,D017,2026-01-24 09:57:14
CL0691,CMP003,BB086,D075,2026-01-24 11:03:27
CL0758,CMP003,BB067,D069,2026-01-24 13:08:53
CL0295,CMP005,BB053,D016,2026-01-24 15:11:49
CL0439,CMP001,BB089,D056,2026-01-24 16:21:29
CL0509,CMP004,BB089,D069,2026-01-24 17:29:37
CL0627,CMP003,BB049,D014,2026-01-24 17:32:10
CL0490,CMP005,BB025,D015,2026-01-24 18:13:31
CL0211,CMP003,BB071,D017,2026-01-24 20:59:10
CL0392,CMP002,BB049,D019,2026-01-24 23:07:46
CL0757,CMP005,BB090,D010,2026-01-25 00:16:21
CL0402,CMP004,BB037,D012,2026-01-25 04:31:56
CL0729,CMP003,BB023,D015,2026-01-25 07:12:57
CL0577,CMP003,BB024,D038,2026-01-25 08:46:12
CL0564,CMP002,BB064,D062,2026-01-25 08:51:00
CL0811,CMP002,BB055,D013,2026-01-25 10:57:14
CL0515,CMP004,BB071,D033,2026-01-25 12:51:01
CL0413,CMP001,BB043,D035,2026-01-25 14:23:05
CL0143,CMP001,BB053,D074,2026-01-25 14:55:36
CL0096,CMP004,BB022,D077,2026-01-25 15:23:32
CL0170,CMP003,BB086,D045,2026-01-25 15:24:18
CL0808,CMP001,BB061,D043,2026-01-25 18:27:30
CL0560,CMP001,BB081,D018,2026-01-25 20:22:31
CL0869,CMP003,BB066,D004,2026-01-25 23:33:00
CL0417,CMP005,BB007,D028,2026-01-26 01:01:24
CL0013,CMP005,BB010,D022,2026-01-26 05:52:40
CL0645,CMP005,BB063,D011,2026-01-26 09:48:59
CL0836,CMP005,BB071,D094,2026-01-26 12:18:22
CL0426,CMP001,BB025,D009,2026-01-26 13:13:26
CL0666,CMP005,BB033,D007,2026-01-26 13:47:38
CL0915,CMP002,BB008,D035,2026-01-26 14:49:07
CL0625,CMP004,BB020,D010,2026-01-26 18:10:35
CL0240,CMP002,BB067,D089,2026-01-26 18:51:11
CL0118,CMP001,BB007,D020,2026-01-26 19:25:16
CL0544,CMP005,BB035,D036,2026-01-26 20:03:27
CL0196,CMP001,BB018,D069,2026-01-26 21:19:24
CL0017,CMP003,BB035,D077,2026-01-27 01:04:21
CL0701,CMP005,BB045,D066,2026-01-27 01:43:19
CL0923,CMP005,BB071,D058,2026-01-27 02:14:26
CL0330,CMP005,BB090,D020,2026-01-27 04:43:04
CL0431,CMP004,BB017,D005,2026-01-27 09:16:23
CL0835,CMP005,BB077,D021,2026-01-27 11:40:17
CL0167,CMP002,BB086,D056,2026-01-27 14:21:07
CL0237,CMP002,BB033,D058,2026-01-27 14:26:43
CL0282,CMP005,BB035,D082,2026-01-27 18:50:30
CL0804,CMP004,BB020,D032,2026-01-27 19:15:17
CL0032,CMP001,BB033,D094,2026-01-27 21:53:05
CL0950,CMP002,BB072,D002,2026-01-28 00:10:09
CL0685,CMP004,BB064,D031,2026-01-28 01:45:49
CL0241,CMP002,BB015,D063,2026-01-28 02:29:24
CL0430,CMP005,BB041,D002,2026-01-28 04:50:27
CL0115,CMP002,BB090,D032,2026-01-28 05:41:01
CL0030,CMP005,BB083,D073,2026-01-28 12:10:20
CL0597,CMP004,BB071,D037,2026-01-28 12:24:32
CL0071,CMP005,BB015,D090,2026-01-28 14:22:14
CL0429,CMP004,BB045,D091,2026-01-28 15:36:29
CL0742,CMP003,BB013,D092,2026-01-28 17:39:34
CL0445,CMP005,BB084,D066,2026-01-28 19:43:18
CL0215,CMP005,BB021,D083,2026-01-28 22:46:12
CL0732,CMP001,BB007,D017,2026-01-29 00:37:47
CL0812,CMP005,BB071,D079,2026-01-29 02:31:24
CL0184,CMP003,BB066,D041,2026-01-29 05:57:15
CL0171,CMP004,BB055,D082,2026-01-29 07:47:17
CL0367,CMP003,BB026,D040,2026-01-29 08:28:43
CL0946,CMP002,BB089,D001,2026-01-29 09:40:43
CL0480,CMP004,BB083,D077,2026-01-29 11:07:40
CL0369,CMP004,BB040,D090,2026-01-29 20:43:43
CL0400,CMP003,BB055,D008,2026-01-30 00:21:01
CL0097,CMP002,BB018,D070,2026-01-30 02:39:19
CL0195,CMP005,BB007,D081,2026-01-30 11:42:10
CL0998,CMP004,BB035,D003,2026-01-30 13:10:38
CL0714,CMP001,BB065,D053,2026-01-30 13:48:29
CL0557,CMP003,BB020,D046,2026-01-30 16:17:35
CL0301,CMP002,BB007,D086,2026-01-30 19:42:08
CL0599,CMP005,BB081,D077,2026-01-30 19:59:44
CL0554,CMP004,BB087,D090,2026-01-30 23:36:46
CL0224,CMP003,BB053,D006,2026-01-31 04:53:25
CL0725,CMP002,BB089,D059,2026-01-31 05:02:25
CL0846,CMP002,BB024,D061,2026-01-31 05:02:52
CL0130,CMP005,BB088,D090,2026-01-31 10:08:10
CL0435,CMP001,BB026,D086,2026-01-31 12:28:41
CL0414,CMP004,BB064,D035,2026-01-31 12:38:49
CL0428,CMP002,BB035,D013,2026-01-31 20:32:04
CL0894,CMP004,BB033,D067,2026-01-31 20:59:12
CL0503,CMP004,BB065,D030,2026-01-31 21:15:28
CL0790,CMP003,BB064,D076,2026-02-01 01:56:39
CL0464,CMP005,BB071,D088,2026-02-01 03:09:14
CL0058,CMP003,BB090,D017,2026-02-01 05:00:10
CL0443,CMP005,BB080,D012,2026-02-01 06:25:16
CL0446,CMP005,BB037,D043,2026-02-01 07:32:19
CL0021,CMP004,BB071,D094,2026-02-01 08:22:37
CL0707,CMP004,BB089,D056,2026-02-01 11:09:41
CL0904,CMP002,BB056,D040,2026-02-01 11:16:10
CL0484,CMP001,BB042,D013,2026-02-01 13:06:03
CL0091,CMP001,BB021,D035,2026-02-01 15:05:15
CL0855,CMP001,BB055,D078,2026-02-01 15:46:18
CL0415,CMP001,BB083,D008,2026-02-01 16:12:46
CL0911,CMP005,BB084,D002,2026-02-01 16:25:09
CL0142,CMP004,BB054,D052,2026-02-01 16:41:30
CL0626,CMP003,BB082,D005,2026-02-01 17:27:44
CL0238,CMP004,BB084,D027,2026-02-01 17:28:48
CL0078,CMP004,BB041,D026,2026-02-01 22:56:09
CL0687,CMP003,BB040,D026,2026-02-02 03:00:12
CL0422,CMP004,BB025,D015,2026-02-02 05:04:34
CL0251,CMP002,BB059,D089,2026-02-02 07:06:56
CL0908,CMP003,BB077,D034,2026-02-02 10:15:11
CL0483,CMP005,BB071,D046,2026-02-02 11:30:53
CL0290,CMP001,BB055,D018,2026-02-02 19:24:03
CL0342,CMP003,BB011,D061,2026-02-02 19:42:35
CL0914,CMP003,BB042,D087,2026-02-02 20:32:20
CL0083,CMP003,BB061,D077,2026-02-02 23:37:09
CL0774,CMP005,BB033,D072,2026-02-03 00:54:23
CL0182,CMP003,BB054,D075,2026-02-03 03:08:57
CL0502,CMP001,BB018,D045,2026-02-03 06:29:44
CL0014,CMP004,BB077,D034,2026-02-03 06:38:16
CL0066,CMP002,BB054,D006,2026-02-03 09:09:07
CL0910,CMP003,BB071,D020,2026-02-03 09:54:09
CL0860,CMP001,BB066,D056,2026-02-03 12:29:56
CL0355,CMP002,BB017,D090,2026-02-03 13:12:33
CL0265,CMP005,BB011,D091,2026-02-03 13:24:40
CL0786,CMP004,BB054,D014,2026-02-03 14:58:29
CL0943,CMP004,BB056,D058,2026-02-03 17:06:37
CL0253,CMP003,BB014,D044,2026-02-03 19:06:37
CL0505,CMP004,BB063,D029,2026-02-04 01:21:18
CL0838,CMP004,BB086,D041,2026-02-04 01:35:00
CL0694,CMP002,BB026,D028,2026-02-04 02:34:16
CL0596,CMP004,BB021,D009,2026-02-04 03:11:12
CL0228,CMP001,BB080,D018,2026-02-04 05:01:02
CL0605,CMP005,BB013,D027,2026-02-04 06:30:15
CL0382,CMP005,BB046,D003,2026-02-04 08:34:15
CL0099,CMP001,BB071,D010,2026-02-04 10:03:50
CL0325,CMP001,BB067,D080,2026-02-04 10:23:37
CL0123,CMP001,BB020,D055,2026-02-04 10:54:21
CL0717,CMP004,BB042,D044,2026-02-04 11:05:45
CL0865,CMP003,BB026,D086,2026-02-04 11:53:00
CL0176,CMP004,BB068,D030,2026-02-04 14:38:35
CL0231,CMP003,BB008,D021,2026-02-04 19:35:35
CL0486,CMP002,BB007,D072,2026-02-04 21:28:43
CL0203,CMP002,BB037,D018,2026-02-05 01:51:32
CL0458,CMP002,BB014,D044,2026-02-05 03:20:46
CL0425,CMP002,BB058,D015,2026-02-05 03:53:09
CL0080,CMP004,BB054,D041,2026-02-05 05:57:14
CL0305,CMP004,BB034,D053,2026-02-05 06:38:43
CL0444,CMP003,BB002,D018,2026-02-05 07:58:29
CL0383,CMP003,BB008,D035,2026-02-05 09:27:54
CL0576,CMP002,BB068,D076,2026-02-05 11:57:38
CL0477,CMP001,BB043,D015,2026-02-05 14:32:13
CL0815,CMP005,BB035,D087,2026-02-05 15:42:03
CL0258,CMP001,BB059,D056,2026-02-05 16:15:27
CL0353,CMP001,BB065,D030,2026-02-05 20:24:50
CL0926,CMP003,BB007,D058,2026-02-05 21:59:35
CL0114,CMP002,BB033,D050,2026-02-06 02:37:33
CL0967,CMP005,BB067,D052,2026-02-06 03:26:43
CL0135,CMP003,BB020,D072,2026-02-06 04:12:38
CL0912,CMP005,BB059,D070,2026-02-06 06:06:31
CL0799,CMP003,BB072,D066,2026-02-06 11:26:01
CL0299,CMP002,BB090,D037,2026-02-06 15:37:14
CL0683,CMP001,BB037,D012,2026-02-06 17:38:14
CL0194,CMP004,BB010,D024,2026-02-06 21:21:08
CL0829,CMP005,BB064,D015,2026-02-06 23:40:10
CL0316,CMP005,BB071,D037,2026-02-07 01:08:15
CL0022,CMP005,BB090,D064,2026-02-07 01:35:52
CL0772,CMP001,BB066,D004,2026-02-07 01:57:22
CL0553,CMP005,BB083,D077,2026-02-07 06:00:34
CL0287,CMP005,BB038,D083,2026-02-07 08:42:18
CL0541,CMP004,BB067,D014,2026-02-07 09:41:47
CL0696,CMP005,BB086,D089,2026-02-07 15:32:09
CL0024,CMP001,BB007,D054,2026-02-07 16:02:14
CL0592,CMP003,BB021,D083,2026-02-08 08:48:14
CL0974,CMP002,BB056,D079,2026-02-08 09:13:59
CL0285,CMP003,BB078,D002,2026-02-08 10:57:43
CL0776,CMP002,BB010,D053,2026-02-08 11:10:37
CL0641,CMP002,BB037,D012,2026-02-08 16:20:15
CL0375,CMP001,BB013,D005,2026-02-08 17:04:42
CL0210,CMP002,BB033,D064,2026-02-08 19:01:58
CL0420,CMP005,BB054,D084,2026-02-08 19:32:55
CL0571,CMP003,BB059,D074,2026-02-08 21:08:49
CL0789,CMP004,BB012,D026,2026-02-08 22:04:40
CL0607,CMP004,BB053,D070,2026-02-09 02:05:04
CL0279,CMP003,BB007,D048,2026-02-09 02:48:25
CL0127,CMP002,BB046,D044,2026-02-09 03:59:54
CL0620,CMP005,BB053,D070,2026-02-09 04:14:49
CL0121,CMP003,BB007,D055,2026-02-09 04:27:09
CL0140,CMP003,BB040,D071,2026-02-09 05:06:44
CL0897,CMP005,BB014,D078,2026-02-09 12:12:35
CL0678,CMP005,BB071,D050,2026-02-09 14:16:31
CL0007,CMP004,BB029,D063,2026-02-09 15:23:05
CL0348,CMP002,BB020,D017,2026-02-09 20:39:45
CL0939,CMP001,BB033,D088,2026-02-09 20:51:38
CL0735,CMP003,BB023,D083,2026-02-09 21:57:08
CL0495,CMP005,BB042,D013,2026-02-09 21:59:47
CL0944,CMP005,BB054,D075,2026-02-10 01:34:52
CL0818,CMP005,BB059,D080,2026-02-10 03:38:49
CL0206,CMP005,BB020,D039,2026-02-10 08:33:06
CL0740,CMP001,BB025,D085,2026-02-10 10:50:38
CL0692,CMP002,BB010,D034,2026-02-10 12:42:26
CL0399,CMP001,BB053,D074,2026-02-10 14:48:16
CL0771,CMP002,BB072,D027,2026-02-10 16:16:20
CL0720,CMP004,BB034,D085,2026-02-10 19:37:50
CL0088,CMP002,BB024,D027,2026-02-10 20:39:47
CL0054,CMP002,BB045,D071,2026-02-10 23:26:01
CL0634,CMP002,BB012,D060,2026-02-11 03:41:44
CL0528,CMP003,BB020,D057,2026-02-11 06:46:37
CL0606,CMP001,BB020,D094,2026-02-11 07:13:02
CL0372,CMP004,BB067,D056,2026-02-11 17:26:16
CL0945,CMP003,BB022,D051,2026-02-11 18:05:40
CL0930,CMP001,BB090,D054,2026-02-11 21:12:01
CL0763,CMP001,BB088,D038,2026-02-11 23:33:04
CL0273,CMP003,BB087,D002,2026-02-11 23:44:03
CL0841,CMP003,BB066,D052,2026-02-12 00:05:04
CL0516,CMP001,BB039,D063,2026-02-12 01:42:02
CL0713,CMP005,BB018,D059,2026-02-12 02:11:00
CL0151,CMP005,BB033,D050,2026-02-12 02:20:36
CL0753,CMP004,BB007,D010,2026-02-12 12:42:12
CL0827,CMP005,BB026,D094,2026-02-12 18:27:46
CL0619,CMP003,BB067,D070,2026-02-12 21:49:49
CL0412,CMP004,BB014,D051,2026-02-12 23:55:09
CL0568,CMP003,BB081,D013,2026-02-13 01:44:35
CL0796,CMP001,BB008,D049,2026-02-13 01:48:37
CL0708,CMP001,BB041,D066,2026-02-13 02:56:35
CL0233,CMP003,BB033,D040,2026-02-13 03:05:19
CL0225,CMP003,BB065,D009,2026-02-13 08:01:35
CL0739,CMP003,BB064,D053,2026-02-13 09:46:39
CL0403,CMP005,BB063,D027,2026-02-13 12:57:39
CL0972,CMP002,BB072,D005,2026-02-13 14:11:17
CL0979,CMP005,BB068,D062,2026-02-13 16:48:11
CL0112,CMP004,BB023,D053,2026-02-13 18:08:36
CL0766,CMP001,BB061,D018,2026-02-13 22:27:31
CL0470,CMP001,BB059,D074,2026-02-13 22:34:53
CL0689,CMP003,BB015,D029,2026-02-14 00:25:45
CL0863,CMP003,BB088,D061,2026-02-14 01:53:22
CL0881,CMP001,BB056,D072,2026-02-14 03:44:39
CL0536,CMP003,BB015,D042,2026-02-14 04:28:57
CL0038,CMP002,BB034,D085,2026-02-14 07:21:16
CL0047,CMP004,BB055,D073,2026-02-14 11:03:57
CL0069,CMP001,BB041,D002,2026-02-14 11:22:56
CL0457,CMP003,BB020,D028,2026-02-14 13:29:36
CL0095,CMP005,BB087,D066,2026-02-14 14:11:35
CL0591,CMP001,BB046,D018,2026-02-14 15:08:39
CL0298,CMP004,BB011,D063,2026-02-14 18:27:36
CL0728,CMP005,BB068,D030,2026-02-14 21:53:22
CL0434,CMP005,BB018,D074,2026-02-14 22:58:47
CL0306,CMP003,BB056,D039,2026-02-15 03:26:08
CL0255,CMP002,BB066,D052,2026-02-15 04:33:58
CL0133,CMP005,BB023,D034,2026-02-15 06:24:59
CL0234,CMP001,BB040,D060,2026-02-15 07:23:08
CL0379,CMP002,BB080,D087,2026-02-15 09:32:51
CL0988,CMP002,BB059,D093,2026-02-15 10:45:46
CL0336,CMP004,BB023,D024,2026-02-15 11:08:06
CL0864,CMP002,BB033,D048,2026-02-15 18:35:13
CL0517,CMP005,BB071,D040,2026-02-15 22:08:26
CL0308,CMP001,BB081,D018,2026-02-15 23:53:08
CL0826,CMP003,BB054,D023,2026-02-16 00:44:52
CL0670,CMP001,BB034,D030,2026-02-16 03:35:28
CL0747,CMP001,BB014,D082,2026-02-16 08:52:58
CL0661,CMP003,BB028,D076,2026-02-16 10:18:21
CL0990,CMP002,BB059,D089,2026-02-16 12:33:57
CL0677,CMP005,BB014,D044,2026-02-16 15:11:58
CL0971,CMP001,BB049,D056,2026-02-16 16:07:35
CL0603,CMP001,BB040,D092,2026-02-16 16:30:57
CL0642,CMP004,BB059,D014,2026-02-16 16:56:13
CL0820,CMP002,BB045,D047,2026-02-17 02:36:12
CL0856,CMP004,BB081,D077,2026-02-17 03:30:39
CL0149,CMP002,BB020,D037,2026-02-17 04:59:49
CL0168,CMP004,BB013,D047,2026-02-17 05:54:29
CL0191,CMP001,BB011,D002,2026-02-17 06:37:26
CL0223,CMP002,BB034,D062,2026-02-17 08:46:42
CL0029,CMP004,BB053,D001,2026-02-17 15:16:53
CL0345,CMP005,BB082,D060,2026-02-17 19:29:30
CL0989,CMP001,BB046,D044,2026-02-17 22:44:38
CL0892,CMP002,BB053,D004,2026-02-18 01:42:40
CL0198,CMP001,BB023,D035,2026-02-18 03:30:42
CL0977,CMP001,BB061,D012,2026-02-18 07:40:26
CL0955,CMP005,BB026,D086,2026-02-18 10:53:11
CL0453,CMP004,BB007,D067,2026-02-18 13:06:03
CL0468,CMP002,BB049,D080,2026-02-18 13:50:59
CL0719,CMP004,BB033,D039,2026-02-18 16:57:08
CL0432,CMP005,BB007,D037,2026-02-18 18:26:32
CL0667,CMP001,BB056,D040,2026-02-18 22:37:45
CL0368,CMP004,BB040,D063,2026-02-19 01:19:18
CL0340,CMP004,BB089,D080,2026-02-19 01:19:58
CL0229,CMP002,BB015,D066,2026-02-19 08:01:32
CL0669,CMP004,BB020,D033,2026-02-19 08:45:43
CL0041,CMP004,BB008,D015,2026-02-19 09:00:06
CL0622,CMP001,BB007,D010,2026-02-19 10:22:17
CL0264,CMP005,BB040,D029,2026-02-19 11:52:38
CL0935,CMP002,BB028,D030,2026-02-19 15:30:45
CL0057,CMP001,BB012,D005,2026-02-19 18:19:17
CL0188,CMP002,BB013,D029,2026-02-19 19:31:59
CL0396,CMP004,BB033,D028,2026-02-20 00:29:01
CL0408,CMP005,BB034,D009,2026-02-20 00:52:24
CL0362,CMP001,BB082,D026,2026-02-20 00:57:17
CL0442,CMP003,BB066,D016,2026-02-20 05:26:25
CL0986,CMP004,BB033,D054,2026-02-20 06:08:55
CL0533,CMP002,BB026,D032,2026-02-20 06:45:55
CL0341,CMP001,BB026,D058,2026-02-20 14:41:18
CL0794,CMP004,BB066,D001,2026-02-20 16:11:51
CL0656,CMP004,BB020,D028,2026-02-20 18:01:51
CL0710,CMP001,BB022,D044,2026-02-20 18:50:55
CL0844,CMP003,BB053,D070,2026-02-20 20:17:06
CL0472,CMP003,BB081,D013,2026-02-20 20:49:47
CL0346,CMP001,BB033,D088,2026-02-20 20:59:40
CL0665,CMP002,BB086,D095,2026-02-20 21:00:46
CL0837,CMP004,BB049,D059,2026-02-21 01:01:28
CL0065,CMP005,BB010,D031,2026-02-21 01:26:41
CL0103,CMP004,BB014,D051,2026-02-21 05:09:14
CL0031,CMP001,BB042,D018,2026-02-21 06:45:42
CL0349,CMP002,BB086,D080,2026-02-21 12:34:50
CL0534,CMP002,BB090,D094,2026-02-21 15:38:39
CL0954,CMP002,BB056,D057,2026-02-21 19:35:40
CL0525,CMP002,BB080,D018,2026-02-21 21:35:38
CL0612,CMP004,BB071,D094,2026-02-22 00:01:03
CL0089,CMP002,BB045,D092,2026-02-22 01:52:20
CL0280,CMP003,BB055,D043,2026-02-22 02:06:33
CL0164,CMP004,BB081,D077,2026-02-22 02:36:14
CL0697,CMP004,BB034,D024,2026-02-22 03:34:48
CL0737,CMP005,BB086,D084,2026-02-22 04:34:29
CL0344,CMP004,BB081,D051,2026-02-22 04:55:47
CL0154,CMP004,BB054,D016,2026-02-22 06:54:39
CL0376,CMP001,BB056,D057,2026-02-22 12:52:20
CL0750,CMP004,BB013,D091,2026-02-22 13:17:41
CL0783,CMP002,BB033,D020,2026-02-22 13:18:36
CL0421,CMP003,BB081,D043,2026-02-22 14:51:48
CL0746,CMP002,BB078,D061,2026-02-22 15:40:11
CL0141,CMP001,BB086,D095,2026-02-22 15:55:53
CL0722,CMP002,BB046,D013,2026-02-22 17:43:54
CL0633,CMP003,BB071,D033,2026-02-22 18:44:52
CL0163,CMP001,BB053,D070,2026-02-22 18:46:38
CL0092,CMP001,BB053,D045,2026-02-22 18:48:18
CL0570,CMP004,BB056,D057,2026-02-22 20:14:13
CL0587,CMP004,BB037,D077,2026-02-22 22:25:59
CL0608,CMP004,BB049,D004,2026-02-23 02:37:15
CL0214,CMP002,BB002,D036,2026-02-23 04:06:08
CL0035,CMP001,BB007,D032,2026-02-23 04:38:04
CL0526,CMP005,BB081,D073,2026-02-23 05:29:26
CL0160,CMP005,BB010,D015,2026-02-23 11:40:49
CL0903,CMP003,BB033,D079,2026-02-23 13:51:22
CL0327,CMP003,BB037,D012,2026-02-23 14:09:29
CL0281,CMP003,BB011,D061,2026-02-23 15:47:48
CL0201,CMP001,BB077,D085,2026-02-23 16:11:32
CL0767,CMP001,BB035,D087,2026-02-23 17:06:49
CL0932,CMP004,BB007,D048,2026-02-23 20:15:57
CL0621,CMP003,BB011,D063,2026-02-23 21:02:54
CL0913,CMP002,BB045,D042,2026-02-24 00:48:45
CL0122,CMP004,BB086,D089,2026-02-24 04:07:39
CL0136,CMP003,BB035,D012,2026-02-24 04:08:20
CL0360,CMP005,BB012,D091,2026-02-24 07:43:28
CL0521,CMP001,BB049,D004,2026-02-24 07:50:50
CL0872,CMP005,BB021,D030,2026-02-24 08:44:54
CL0275,CMP005,BB086,D056,2026-02-24 12:35:36
CL0922,CMP001,BB028,D085,2026-02-24 13:20:11
CL0181,CMP001,BB002,D018,2026-02-24 22:06:06
CL0179,CMP004,BB054,D089,2026-02-24 22:24:59
CL0039,CMP005,BB071,D072,2026-02-24 23:46:17
CL0274,CMP002,BB049,D095,2026-02-25 01:18:30
CL0681,CMP001,BB061,D008,2026-02-25 02:15:58
CL0034,CMP001,BB018,D004,2026-02-25 02:54:04
CL0433,CMP003,BB014,D043,2026-02-25 04:20:34
CL0152,CMP002,BB043,D035,2026-02-25 06:28:47
CL0322,CMP005,BB028,D083,2026-02-25 07:32:09
CL0569,CMP002,BB012,D027,2026-02-25 07:42:38
CL0824,CMP002,BB053,D069,2026-02-25 08:26:27
CL0834,CMP002,BB054,D019,2026-02-25 08:29:57
CL0800,CMP004,BB088,D090,2026-02-25 08:53:03
CL0871,CMP005,BB033,D033,2026-02-25 09:08:14
CL0506,CMP005,BB067,D070,2026-02-25 10:13:07
CL0880,CMP002,BB072,D038,2026-02-25 10:18:44
CL0940,CMP005,BB043,D015,2026-02-25 12:31:34
CL0147,CMP004,BB043,D053,2026-02-25 15:10:07
CL0684,CMP003,BB034,D049,2026-02-25 22:41:02
CL0809,CMP003,BB086,D045,2026-02-25 23:18:04
CL0102,CMP002,BB089,D016,2026-02-26 01:35:13
CL0647,CMP002,BB086,D016,2026-02-26 05:03:30
CL0329,CMP003,BB089,D093,2026-02-26 08:44:10
CL0873,CMP005,BB011,D002,2026-02-26 09:38:26
CL0617,CMP004,BB035,D077,2026-02-26 09:42:26
CL0025,CMP001,BB083,D077,2026-02-26 13:48:47
CL0222,CMP005,BB007,D050,2026-02-26 16:28:56
CL0992,CMP004,BB049,D056,2026-02-26 18:21:17
CL0975,CMP002,BB007,D017,2026-02-26 19:02:58
CL0177,CMP001,BB035,D078,2026-02-26 19:34:57
CL0249,CMP002,BB049,D080,2026-02-26 22:32:58
CL0730,CMP001,BB089,D069,2026-02-27 00:23:00
CL0761,CMP003,BB055,D012,2026-02-27 03:22:47
CL0409,CMP005,BB040,D063,2026-02-27 03:53:41
CL0456,CMP002,BB008,D021,2026-02-27 04:45:25
CL0962,CMP004,BB056,D039,2026-02-27 06:33:07
CL0063,CMP001,BB033,D048,2026-02-27 10:23:18
CL0466,CMP005,BB034,D034,2026-02-27 10:49:52
CL0126,CMP004,BB018,D014,2026-02-27 14:05:55
CL0288,CMP001,BB066,D023,2026-02-27 15:05:33
CL0312,CMP002,BB018,D052,2026-02-27 15:05:57
CL0478,CMP002,BB083,D051,2026-02-27 18:56:21
CL0733,CMP001,BB089,D056,2026-02-27 22:58:51
CL0134,CMP002,BB041,D027,2026-02-28 03:10:13
CL0508,CMP001,BB071,D079,2026-02-28 12:28:15
CL0581,CMP005,BB080,D018,2026-02-28 13:34:47
CL0499,CMP002,BB090,D033,2026-02-28 15:41:05
CL0745,CMP001,BB089,D041,2026-02-28 18:23:52
CL0949,CMP005,BB067,D016,2026-02-28 18:39:51
CL0655,CMP004,BB089,D089,2026-03-01 02:42:36
CL0090,CMP005,BB055,D043,2026-03-01 03:38:37
CL0787,CMP004,BB037,D082,2026-03-01 04:08:02
CL0529,CMP003,BB017,D066,2026-03-01 16:04:21
CL0213,CMP001,BB072,D002,2026-03-01 16:17:29
CL0551,CMP002,BB063,D060,2026-03-01 16:30:35
CL0550,CMP004,BB020,D039,2026-03-02 01:45:47
CL0459,CMP003,BB058,D031,2026-03-02 03:31:41
CL0572,CMP002,BB054,D006,2026-03-02 05:24:25
CL0424,CMP004,BB090,D086,2026-03-02 18:44:37
CL0662,CMP003,BB045,D027,2026-03-02 20:19:42
CL0840,CMP002,BB061,D073,2026-03-02 21:37:47
CL0373,CMP005,BB054,D070,2026-03-02 21:59:22
CL0539,CMP001,BB035,D087,2026-03-03 02:13:37
CL0284,CMP004,BB071,D007,2026-03-03 06:53:16
CL0649,CMP005,BB090,D028,2026-03-03 09:56:33
CL0705,CMP001,BB056,D033,2026-03-03 10:12:14
CL0527,CMP002,BB086,D069,2026-03-03 13:10:26
CL0243,CMP005,BB089,D001,2026-03-03 14:06:16
CL0588,CMP005,BB043,D062,2026-03-03 16:56:06
CL0598,CMP003,BB002,D044,2026-03-04 00:00:21
CL0226,CMP002,BB038,D015,2026-03-04 02:42:49
CL0291,CMP004,BB020,D020,2026-03-04 04:48:16
CL0218,CMP002,BB066,D006,2026-03-04 05:15:02
CL0384,CMP002,BB065,D034,2026-03-04 06:53:17
CL0556,CMP005,BB010,D009,2026-03-04 11:34:37
CL0514,CMP002,BB078,D029,2026-03-04 12:23:33
CL0610,CMP002,BB055,D036,2026-03-04 13:02:00
CL0996,CMP004,BB031,D085,2026-03-04 13:28:09
CL0365,CMP004,BB015,D092,2026-03-04 17:06:30
CL0764,CMP001,BB067,D075,2026-03-04 21:30:13
CL0334,CMP005,BB041,D066,2026-03-04 22:50:41
CL0159,CMP003,BB053,D004,2026-03-04 23:14:46
CL0718,CMP005,BB058,D083,2026-03-05 02:45:57
CL0752,CMP004,BB024,D060,2026-03-05 03:01:01
CL0616,CMP001,BB081,D087,2026-03-05 05:39:38
CL0266,CMP003,BB064,D025,2026-03-05 06:50:27
CL0891,CMP003,BB061,D008,2026-03-05 15:50:04
CL0706,CMP002,BB080,D003,2026-03-05 16:00:41
CL0773,CMP004,BB015,D063,2026-03-05 16:31:43
CL0831,CMP001,BB063,D071,2026-03-05 16:40:57
CL0394,CMP004,BB090,D032,2026-03-05 22:55:03
CL0643,CMP005,BB033,D039,2026-03-06 00:36:06
CL0257,CMP002,BB020,D054,2026-03-06 04:32:30
CL0648,CMP004,BB090,D007,2026-03-06 05:57:44
CL0611,CMP004,BB002,D043,2026-03-06 10:32:38
CL0081,CMP001,BB054,D065,2026-03-06 11:19:05
CL0966,CMP004,BB084,D011,2026-03-06 13:18:33
CL0105,CMP003,BB040,D091,2026-03-06 13:23:17
CL0984,CMP005,BB018,D093,2026-03-06 13:56:25
CL0124,CMP001,BB086,D052,2026-03-06 14:48:06
CL0906,CMP004,BB008,D034,2026-03-06 15:52:39
CL0688,CMP004,BB022,D043,2026-03-06 19:07:54
CL0754,CMP005,BB040,D060,2026-03-06 19:16:38
CL0768,CMP005,BB081,D018,2026-03-06 20:24:33
CL0270,CMP004,BB015,D090,2026-03-06 22:13:27
CL0205,CMP005,BB090,D037,2026-03-07 00:24:24
CL0878,CMP001,BB007,D039,2026-03-07 02:49:15
CL0395,CMP002,BB065,D076,2026-03-07 04:18:33
CL0350,CMP001,BB071,D094,2026-03-07 04:40:50
CL0393,CMP002,BB034,D022,2026-03-07 05:22:46
CL0217,CMP005,BB014,D018,2026-03-07 07:40:48
CL0175,CMP003,BB071,D094,2026-03-07 08:04:33
CL0582,CMP004,BB090,D086,2026-03-07 09:06:18
CL0496,CMP003,BB089,D059,2026-03-07 13:06:42
CL0885,CMP002,BB053,D070,2026-03-07 15:14:22
CL0941,CMP003,BB031,D015,2026-03-07 22:39:20
CL0933,CMP005,BB089,D001,2026-03-08 03:28:58
CL0401,CMP003,BB026,D064,2026-03-08 08:08:34
CL0419,CMP004,BB066,D045,2026-03-08 10:17:58
CL0559,CMP003,BB042,D051,2026-03-08 13:06:41
CL0749,CMP004,BB026,D050,2026-03-08 13:22:57
CL0640,CMP004,BB038,D062,2026-03-08 15:06:07
CL0936,CMP004,BB007,D028,2026-03-08 17:11:34
CL0131,CMP005,BB080,D082,2026-03-08 18:27:25
CL0976,CMP001,BB090,D010,2026-03-08 20:28:15
CL0682,CMP001,BB041,D061,2026-03-08 21:26:39
CL0005,CMP004,BB033,D050,2026-03-08 21:46:00
CL0803,CMP003,BB089,D059,2026-03-08 22:41:19
CL0957,CMP002,BB007,D079,2026-03-08 22:44:41
CL0138,CMP002,BB081,D012,2026-03-09 09:23:56
CL0109,CMP001,BB035,D018,2026-03-09 15:39:12
CL0469,CMP003,BB083,D073,2026-03-09 16:54:06
CL0672,CMP004,BB059,D016,2026-03-09 17:18:26
CL0311,CMP003,BB020,D054,2026-03-09 17:28:16
CL0775,CMP005,BB026,D020,2026-03-09 21:49:20
CL0043,CMP001,BB067,D093,2026-03-10 08:10:06
CL0511,CMP004,BB037,D003,2026-03-10 10:04:26
CL0137,CMP002,BB071,D028,2026-03-10 10:06:58
CL0987,CMP003,BB080,D078,2026-03-10 10:23:53
CL0540,CMP004,BB045,D066,2026-03-10 10:26:32
CL0723,CMP004,BB007,D020,2026-03-10 12:33:35
CL0155,CMP003,BB020,D037,2026-03-10 13:03:29
CL0050,CMP002,BB026,D010,2026-03-10 21:16:05
CL0890,CMP001,BB034,D062,2026-03-10 21:17:17
CL0294,CMP004,BB020,D081,2026-03-10 23:38:28
CL0965,CMP004,BB035,D003,2026-03-11 11:53:00
CL0716,CMP003,BB038,D025,2026-03-11 13:19:44
CL0883,CMP001,BB056,D046,2026-03-11 15:15:38
CL0247,CMP002,BB012,D029,2026-03-11 16:08:22
CL0318,CMP002,BB026,D050,2026-03-11 16:12:03
CL0991,CMP005,BB054,D006,2026-03-11 16:25:07
CL0397,CMP001,BB083,D008,2026-03-11 17:25:00
CL0660,CMP005,BB058,D035,2026-03-11 21:59:19
CL0952,CMP004,BB037,D043,2026-03-11 22:12:54
CL0832,CMP002,BB007,D067,2026-03-11 22:30:04
CL0896,CMP002,BB037,D073,2026-03-12 04:08:28
CL0045,CMP003,BB088,D042,2026-03-12 04:18:14
CL0076,CMP005,BB088,D063,2026-03-12 05:51:14
CL0452,CMP001,BB012,D068,2026-03-12 06:20:04
CL0715,CMP005,BB049,D045,2026-03-12 12:07:59
CL0242,CMP005,BB033,D032,2026-03-12 12:13:22
CL0769,CMP004,BB055,D043,2026-03-12 17:35:15
CL0613,CMP005,BB087,D071,2026-03-12 21:19:54
CL0711,CMP002,BB018,D070,2026-03-12 22:04:09
CL0781,CMP003,BB063,D060,2026-03-13 02:30:07
CL0192,CMP005,BB059,D074,2026-03-13 05:16:11
CL0156,CMP004,BB021,D025,2026-03-13 08:22:31
CL0522,CMP003,BB083,D013,2026-03-13 08:35:59
CL0676,CMP004,BB007,D028,2026-03-13 08:56:27
CL0934,CMP001,BB083,D044,2026-03-13 11:04:58
CL0454,CMP004,BB066,D016,2026-03-13 11:29:49
CL0449,CMP001,BB041,D063,2026-03-13 11:54:09
CL0356,CMP002,BB088,D038,2026-03-13 18:47:24
CL0059,CMP001,BB056,D064,2026-03-13 21:58:04
CL0267,CMP002,BB055,D018,2026-03-13 22:46:45
CL0629,CMP005,BB026,D088,2026-03-13 23:11:56
CL0963,CMP005,BB087,D047,2026-03-14 02:00:58
CL0321,CMP005,BB018,D004,2026-03-14 03:32:17
CL0072,CMP004,BB084,D005,2026-03-14 03:34:12
CL0110,CMP003,BB053,D089,2026-03-14 03:47:28
CL0232,CMP003,BB026,D048,2026-03-14 07:07:32
CL0028,CMP003,BB054,D006,2026-03-14 08:13:19
CL0061,CMP002,BB029,D092,2026-03-14 08:21:27
CL0494,CMP001,BB077,D034,2026-03-14 08:45:13
CL0852,CMP005,BB053,D059,2026-03-14 08:53:03
CL0700,CMP004,BB063,D061,2026-03-14 11:06:52
CL0180,CMP005,BB026,D057,2026-03-14 12:11:43
CL0314,CMP005,BB007,D032,2026-03-14 12:23:59
CL0788,CMP002,BB045,D002,2026-03-14 13:09:58
CL0842,CMP001,BB066,D001,2026-03-14 13:57:53
CL0902,CMP004,BB081,D003,2026-03-14 14:29:50
CL0703,CMP005,BB020,D032,2026-03-14 14:52:38
CL0485,CMP001,BB007,D086,2026-03-14 17:10:06
CL0507,CMP002,BB059,D089,2026-03-14 17:10:19
CL0654,CMP005,BB035,D003,2026-03-14 18:44:57
CL0510,CMP001,BB035,D036,2026-03-15 00:47:53
CL0111,CMP004,BB071,D028,2026-03-15 03:55:33
CL0493,CMP001,BB007,D040,2026-03-15 10:33:06
CL0073,CMP004,BB035,D008,2026-03-15 11:12:50
CL0093,CMP004,BB055,D013,2026-03-15 12:42:23
CL0185,CMP002,BB014,D012,2026-03-15 13:47:02
CL0823,CMP002,BB066,D056,2026-03-15 13:54:01
CL0594,CMP004,BB018,D074,2026-03-15 16:35:53
CL0120,CMP002,BB034,D031,2026-03-15 18:41:35
CL0833,CMP001,BB031,D009,2026-03-16 00:14:41
CL0361,CMP004,BB020,D046,2026-03-16 04:06:33
CL0208,CMP004,BB067,D084,2026-03-16 04:08:23
CL0639,CMP003,BB058,D034,2026-03-16 04:21:12
CL0448,CMP003,BB013,D090,2026-03-16 05:26:25
CL0993,CMP001,BB023,D024,2026-03-16 10:30:53
CL0272,CMP002,BB056,D037,2026-03-16 12:09:24
CL0924,CMP004,BB054,D004,2026-03-16 19:47:38
CL0595,CMP004,BB026,D020,2026-03-16 23:40:33
CL0064,CMP002,BB043,D015,2026-03-16 23:45:27
CL0828,CMP002,BB034,D049,2026-03-17 00:40:35
CL0583,CMP001,BB089,D069,2026-03-17 02:06:31
CL0187,CMP001,BB043,D025,2026-03-17 04:13:35
CL0370,CMP004,BB023,D022,2026-03-17 07:18:17
CL0462,CMP003,BB031,D031,2026-03-17 08:10:58
CL0782,CMP003,BB056,D046,2026-03-17 08:23:26
CL0882,CMP002,BB033,D046,2026-03-17 10:41:35
CL0858,CMP005,BB046,D013,2026-03-17 10:55:18
CL0011,CMP004,BB020,D072,2026-03-17 12:18:35
CL0085,CMP001,BB024,D071,2026-03-17 15:06:35
CL0566,CMP003,BB028,D083,2026-03-17 15:35:10
CL0845,CMP001,BB043,D025,2026-03-17 16:00:36
CL0848,CMP002,BB011,D092,2026-03-17 20:47:30
CL0675,CMP005,BB089,D004,2026-03-17 22:36:45
CL0695,CMP003,BB038,D085,2026-03-17 22:40:41
CL0256,CMP002,BB025,D085,2026-03-18 04:14:35
CL0784,CMP001,BB089,D065,2026-03-18 04:45:45
CL0925,CMP001,BB018,D089,2026-03-18 05:48:15
CL1000,CMP003,BB046,D008,2026-03-18 10:57:19
CL0636,CMP005,BB035,D036,2026-03-18 11:58:31
CL0461,CMP001,BB090,D072,2026-03-18 12:36:33
CL0887,CMP005,BB090,D028,2026-03-18 23:08:01
CL0161,CMP004,BB065,D085,2026-03-18 23:46:27
CL0531,CMP002,BB017,D066,2026-03-19 00:45:10
CL0358,CMP004,BB023,D053,2026-03-19 01:16:51
CL0016,CMP004,BB059,D045,2026-03-19 11:05:24
CL0150,CMP001,BB086,D004,2026-03-19 11:53:00
CL0002,CMP004,BB024,D042,2026-03-19 16:14:20
CL0479,CMP003,BB020,D064,2026-03-19 17:05:29
CL0440,CMP005,BB020,D028,2026-03-19 17:22:51
CL0158,CMP003,BB066,D004,2026-03-19 19:04:29
CL0254,CMP005,BB066,D070,2026-03-19 22:53:29
CL0861,CMP002,BB008,D024,2026-03-20 05:46:40
CL0512,CMP003,BB059,D001,2026-03-20 06:15:44
CL0186,CMP004,BB089,D041,2026-03-20 07:10:24
CL0874,CMP002,BB017,D038,2026-03-20 07:39:31
CL0956,CMP002,BB011,D063,2026-03-20 07:46:42
CL0125,CMP001,BB049,D065,2026-03-20 14:29:56
CL0087,CMP003,BB090,D094,2026-03-20 15:01:20
CL0173,CMP004,BB086,D004,2026-03-20 19:41:51
CL0202,CMP004,BB056,D017,2026-03-20 22:03:44
CL0116,CMP004,BB020,D086,2026-03-20 22:11:52
CL0077,CMP005,BB053,D056,2026-03-20 23:16:07
CL0870,CMP001,BB020,D058,2026-03-20 23:51:08
CL0736,CMP005,BB084,D026,2026-03-21 01:44:44
CL0807,CMP001,BB065,D021,2026-03-21 08:42:03
CL0614,CMP005,BB054,D065,2026-03-21 10:12:36
CL0785,CMP002,BB025,D025,2026-03-21 10:15:59
CL0615,CMP002,BB029,D005,2026-03-21 10:24:57
CL0183,CMP005,BB071,D057,2026-03-21 11:34:33
CL0779,CMP001,BB071,D039,2026-03-21 14:06:23
CL0381,CMP001,BB013,D063,2026-03-21 15:36:32
CL0023,CMP003,BB034,D062,2026-03-21 18:38:54
CL0917,CMP004,BB064,D031,2026-03-21 19:46:26
CL0589,CMP005,BB066,D014,2026-03-21 21:17:04
CL0046,CMP001,BB059,D056,2026-03-21 22:18:02
CL0437,CMP001,BB028,D025,2026-03-21 22:29:54
CL0780,CMP004,BB013,D027,2026-03-22 00:46:05
CL0673,CMP001,BB022,D082,2026-03-22 07:03:05
CL0964,CMP003,BB011,D005,2026-03-22 08:17:27
CL0474,CMP002,BB081,D018,2026-03-22 08:47:13
CL0970,CMP005,BB077,D031,2026-03-22 11:48:45
CL0209,CMP003,BB071,D081,2026-03-22 14:29:02
CL0390,CMP004,BB090,D067,2026-03-22 16:14:33
CL0657,CMP001,BB063,D047,2026-03-22 17:35:05
CL0245,CMP003,BB071,D010,2026-03-22 22:31:29
CL0227,CMP001,BB026,D028,2026-03-22 23:38:40
CL0727,CMP004,BB080,D082,2026-03-23 01:31:24
CL0166,CMP002,BB065,D035,2026-03-23 03:18:08
CL0098,CMP001,BB081,D082,2026-03-23 03:36:14
CL0278,CMP003,BB026,D058,2026-03-23 06:42:19
CL0465,CMP001,BB028,D024,2026-03-23 09:00:21
CL0398,CMP003,BB067,D074,2026-03-23 18:42:13
CL0565,CMP005,BB086,D056,2026-03-23 23:04:00
CL0586,CMP003,BB045,D027,2026-03-24 00:37:56
CL0320,CMP005,BB089,D052,2026-03-24 02:31:37
CL0982,CMP001,BB081,D082,2026-03-24 12:09:36
CL0197,CMP002,BB031,D022,2026-03-24 15:38:53
CL0668,CMP005,BB023,D022,2026-03-24 16:05:13
CL0849,CMP004,BB037,D013,2026-03-24 19:16:36
CL0532,CMP002,BB026,D046,2026-03-24 20:15:58
CL0347,CMP003,BB026,D028,2026-03-24 22:41:48
CL0204,CMP001,BB054,D041,2026-03-25 04:35:31
CL0113,CMP003,BB049,D065,2026-03-25 06:56:51
CL0738,CMP001,BB038,D025,2026-03-25 07:11:01
CL0889,CMP005,BB067,D069,2026-03-25 08:51:17
CL0548,CMP005,BB002,D012,2026-03-25 09:54:10
CL0269,CMP004,BB068,D053,2026-03-25 11:51:09
CL0980,CMP002,BB053,D004,2026-03-25 13:08:34
CL0704,CMP002,BB066,D016,2026-03-25 20:37:44
CL0259,CMP005,BB010,D015,2026-03-25 21:31:25
CL0659,CMP005,BB084,D029,2026-03-25 21:54:49
CL0756,CMP005,BB090,D055,2026-03-25 23:32:20
CL0067,CMP003,BB077,D024,2026-03-26 00:18:19
CL0748,CMP004,BB071,D040,2026-03-26 01:43:27
CL0584,CMP005,BB018,D059,2026-03-26 02:06:40
CL0650,CMP002,BB054,D023,2026-03-26 03:38:22
CL0859,CMP002,BB090,D017,2026-03-26 04:15:29
CL0268,CMP004,BB041,D027,2026-03-26 08:08:39
CL0866,CMP001,BB078,D029,2026-03-26 09:21:37
CL0658,CMP002,BB007,D064,2026-03-26 10:51:04
CL0260,CMP003,BB026,D057,2026-03-26 11:04:26
CL0500,CMP004,BB012,D060,2026-03-26 11:19:20
CL0777,CMP005,BB089,D075,2026-03-26 13:10:17
CL0335,CMP005,BB015,D060,2026-03-26 14:06:01
CL0919,CMP002,BB086,D069,2026-03-26 17:31:14
CL0825,CMP004,BB087,D026,2026-03-26 17:58:29
CL0524,CMP004,BB046,D051,2026-03-27 01:10:54
CL0012,CMP005,BB007,D017,2026-03-27 05:38:27
CL0162,CMP005,BB056,D086,2026-03-27 05:41:35
CL0387,CMP002,BB033,D040,2026-03-27 05:59:26
CL0959,CMP004,BB026,D007,2026-03-27 10:30:55
CL0850,CMP005,BB071,D032,2026-03-27 12:22:40
CL0380,CMP005,BB082,D005,2026-03-27 12:33:18
CL0995,CMP001,BB037,D043,2026-03-27 15:54:59
CL0547,CMP005,BB067,D023,2026-03-27 19:03:35
CL0015,CMP001,BB088,D029,2026-03-27 19:21:17
CL0806,CMP002,BB014,D087,2026-03-27 19:52:04
CL0040,CMP004,BB033,D086,2026-03-27 23:52:40
CL0128,CMP002,BB058,D035,2026-03-28 00:26:53
CL0481,CMP005,BB031,D021,2026-03-28 00:40:27
CL0686,CMP003,BB065,D085,2026-03-28 01:56:40
CL0220,CMP001,BB081,D051,2026-03-28 06:02:52
CL0573,CMP003,BB023,D025,2026-03-28 08:18:51
CL0027,CMP001,BB063,D071,2026-03-28 10:53:07
CL0193,CMP005,BB045,D066,2026-03-28 12:38:04
CL0296,CMP005,BB090,D048,2026-03-28 19:26:43
CL0033,CMP002,BB049,D023,2026-03-28 22:52:13
CL0004,CMP004,BB090,D058,2026-03-29 02:41:49
CL0488,CMP001,BB055,D087,2026-03-29 04:05:41
CL0132,CMP003,BB066,D001,2026-03-29 04:54:48
CL0374,CMP001,BB059,D045,2026-03-29 05:10:23
CL0060,CMP001,BB088,D027,2026-03-29 06:37:38
CL0567,CMP003,BB014,D078,2026-03-29 11:43:40
CL0798,CMP004,BB026,D033,2026-03-29 14:30:23
CL0052,CMP004,BB065,D083,2026-03-29 19:11:23
CL0537,CMP003,BB040,D061,2026-03-29 19:30:38
CL0937,CMP004,BB056,D079,2026-03-29 22:43:28
CL0830,CMP002,BB033,D094,2026-03-29 23:03:10
CL0876,CMP003,BB053,D075,2026-03-30 00:45:28
CL0663,CMP004,BB035,D077,2026-03-30 01:56:10
CL0898,CMP001,BB090,D046,2026-03-30 04:43:16
CL0244,CMP003,BB080,D044,2026-03-30 09:41:34
CL0315,CMP002,BB031,D053,2026-03-30 11:30:49
CL0857,CMP001,BB026,D048,2026-03-30 11:48:25
CL0324,CMP004,BB063,D090,2026-03-30 17:59:07
CL0212,CMP002,BB083,D082,2026-03-30 19:55:27
CL0463,CMP004,BB089,D056,2026-03-30 20:14:29
CL0801,CMP003,BB026,D081,2026-03-30 22:01:34
CL0580,CMP002,BB086,D089,2026-03-30 22:12:12
